SnomedCTConceptId,Term
51311000001102,Bezafibrate 200mg tablets (Viatris UK Healthcare Ltd)
51311000001102,Bezafibrate 200mg tablets (Viatris UK Healthcare Ltd) (product)
51311000001102,Bezafibrate 200mg tablets (Generics (UK) Ltd) (product)
51311000001102,Bezafibrate 200mg tablets (Generics (UK) Ltd)
51311000001102,Bezafibrate 200mg tablets (Mylan Ltd)
51311000001102,Bezafibrate 200mg tablets (Mylan)
130711000001102,Bezalip 200mg tablets (Roche Products Ltd) (product)
130711000001102,Bezalip 200mg tablets (Roche Products Ltd)
130711000001102,Bezalip 200mg tablets (Actavis UK Ltd)
130711000001102,Bezalip 200mg tablets (Teva UK Ltd)
135911000001109,Gemfibrozil 300mg capsules (Unichem Plc) (product)
135911000001109,Gemfibrozil 300mg capsules (Unichem Plc)
135911000001109,Gemfibrozil 300mg capsules (UniChem Ltd)
135911000001109,Gemfibrozil 300mg capsules (Alliance Healthcare (Distribution) Ltd)
137611000001105,Bezafibrate 200mg tablets (Kent Pharma (UK) Ltd)
137611000001105,Bezafibrate 200mg tablets (Kent Pharma (UK) Ltd) (product)
137611000001105,Bezafibrate 200mg tablets (Kent Pharmaceuticals Ltd) (product)
137611000001105,Bezafibrate 200mg tablets (Kent Pharmaceuticals Ltd)
139911000001106,Gemfibrozil 300mg capsules (Approved Prescription Services) (product)
139911000001106,Gemfibrozil 300mg capsules (Approved Prescription Services)
139911000001106,Gemfibrozil 300mg capsules (Teva UK Ltd)
273311000001106,Gemfibrozil 600mg tablets (Unichem Plc) (product)
273311000001106,Gemfibrozil 600mg tablets (Unichem Plc)
273311000001106,Gemfibrozil 600mg tablets (UniChem Ltd)
273311000001106,Gemfibrozil 600mg tablets (Alliance Healthcare (Distribution) Ltd)
283511000001109,Gemfibrozil 600mg tablets (A A H Pharmaceuticals Ltd) (product)
283511000001109,Gemfibrozil 600mg tablets (A A H Pharmaceuticals Ltd)
646111000001100,Gemfibrozil 600mg tablets (Approved Prescription Services) (product)
646111000001100,Gemfibrozil 600mg tablets (Approved Prescription Services)
646111000001100,Gemfibrozil 600mg tablets (Teva UK Ltd)
880511000001105,Zimbacol XL 400mg tablets (Link Pharmaceuticals Ltd) (product)
880511000001105,Zimbacol XL 400mg tablets (Link Pharmaceuticals Ltd)
880511000001105,Zimbacol XL 400mg tablets (Archimedes Pharma UK Ltd)
3696711000001102,Fenofibrate micronised 200mg capsules (Sterwin Medicines) (product)
3696711000001102,Fenofibrate micronised 200mg capsules (Sterwin Medicines)
10138711000001106,Fenofibrate micronised 267mg capsules (Zentiva Pharma UK Ltd)
10138711000001106,Fenofibrate micronised 267mg capsules (Zentiva Pharma UK Ltd) (product)
10138711000001106,Fenofibrate micronised 267mg capsules (Winthrop Pharmaceuticals UK Ltd) (product)
10138711000001106,Fenofibrate micronised 267mg capsules (Winthrop Pharmaceuticals UK Ltd)
10138711000001106,Fenofibrate micronised 267mg capsules (Zentiva)
10491111000001105,Bezafibrate 400mg modified-release tablets (PI) (Waymade Ltd) (product)
10491111000001105,Bezafibrate 400mg modified-release tablets (PI) (Waymade Ltd)
10491111000001105,Bezafibrate 400mg modified-release tablets (Waymade Ltd)
10491111000001105,Bezafibrate 400mg modified-release tablets (Waymade Healthcare Plc)
13172211000001103,Lipantil Micro 267 capsules (Dowelhurst Ltd) (product)
13172211000001103,Lipantil Micro 267 capsules (Dowelhurst Ltd)
13585711000001104,Bezafibrate 400mg modified-release tablets (Doncaster Pharmaceuticals Ltd) (product)
13585711000001104,Bezafibrate 400mg modified-release tablets (Doncaster Pharmaceuticals Ltd)
13585711000001104,Bezafibrate 400mg modified-release tablets (DE Pharmaceuticals)
13957711000001107,Supralip 160mg tablets (Doncaster Pharmaceuticals Ltd) (product)
13957711000001107,Supralip 160mg tablets (Doncaster Pharmaceuticals Ltd)
13957711000001107,Supralip 160mg tablets (DE Pharmaceuticals)
15084411000001102,Fenofibrate micronised 67mg capsules (Sigma Pharmaceuticals Plc) (product)
15084411000001102,Fenofibrate micronised 67mg capsules (Sigma Pharmaceuticals Plc)
15090511000001106,Gemfibrozil 600mg tablets (Sigma Pharmaceuticals Plc) (product)
15090511000001106,Gemfibrozil 600mg tablets (Sigma Pharmaceuticals Plc)
16251911000001109,Supralip 160mg tablets (Lexon (UK) Ltd) (product)
16251911000001109,Supralip 160mg tablets (Lexon (UK) Ltd)
17880311000001101,Fenofibrate micronised 160mg tablets (A A H Pharmaceuticals Ltd) (product)
17880311000001101,Fenofibrate micronised 160mg tablets (A A H Pharmaceuticals Ltd)
19527811000001107,Lipantil Micro 67 capsules (Waymade Healthcare Plc) (product)
19527811000001107,Lipantil Micro 67 capsules (Waymade Healthcare Plc)
21794911000001107,Bezafibrate 200mg tablets (Waymade Healthcare Plc) (product)
21794911000001107,Bezafibrate 200mg tablets (Waymade Healthcare Plc)
24668211000001109,Ciprofibrate 100mg tablets (Waymade Healthcare Plc) (product)
24668211000001109,Ciprofibrate 100mg tablets (Waymade Healthcare Plc)
30128711000001106,Fenofibrate micronised 160mg tablets (Mawdsley-Brooks & Company Ltd) (product)
30128711000001106,Fenofibrate micronised 160mg tablets (Mawdsley-Brooks & Company Ltd)
30134311000001100,Gemfibrozil 600mg tablets (Mawdsley-Brooks & Company Ltd) (product)
30134311000001100,Gemfibrozil 600mg tablets (Mawdsley-Brooks & Company Ltd)
37530411000001104,Lopid 600mg tablets (Mawdsley-Brooks & Company Ltd)
37530411000001104,Lopid 600mg tablets (Mawdsley-Brooks & Company Ltd) (product)
37691211000001105,Ciprofibrate 100mg tablets (CST Pharma Ltd)
37691211000001105,Ciprofibrate 100mg tablets (CST Pharma Ltd) (product)
38834111000001108,Ciprofibrate 100mg tablets (Medihealth (Northern) Ltd)
38834111000001108,Ciprofibrate 100mg tablets (Medihealth (Northern) Ltd) (product)
39020211000001107,Bezafibrate 400mg modified-release tablets
39020211000001107,Bezafibrate 400mg modified-release tablets (product)
39135611000001107,Gemfibrozil 600mg tablets (CST Pharma Ltd)
39135611000001107,Gemfibrozil 600mg tablets (CST Pharma Ltd) (product)
414177002,Ezetimibe 10mg/simvastatin 20mg tablet (product)
414177002,Ezetimibe 10mg/simvastatin 20mg tablet
414177002,Simvastatin 20mg / ezetimibe 10mg tablet
414177002,Product containing ezetimibe 10 mg and simvastatin 20 mg/1 each oral tablet (clinical drug)
414177002,Product containing ezetimibe 10 mg and simvastatin 20 mg/1 each oral tablet
414177002,Ezetimibe 10 mg and simvastatin 20 mg oral tablet
414177002,Product containing only ezetimibe 10 mg and simvastatin 20 mg/1 each oral tablet
414177002,Product containing only ezetimibe 10 mg and simvastatin 20 mg/1 each oral tablet (clinical drug)
414177002,Product containing precisely ezetimibe 10 milligram and simvastatin 20 milligram/1 each conventional release oral tablet
414177002,Product containing precisely ezetimibe 10 milligram and simvastatin 20 milligram/1 each conventional release oral tablet (clinical drug)
414177002,Simvastatin 20mg / Ezetimibe 10mg tablets
414178007,Ezetimibe 10mg/simvastatin 40mg tablet (product)
414178007,Ezetimibe 10mg/simvastatin 40mg tablet
414178007,Simvastatin 40mg / ezetimibe 10mg tablet
414178007,Product containing ezetimibe 10 mg and simvastatin 40 mg/1 each oral tablet (clinical drug)
414178007,Product containing ezetimibe 10 mg and simvastatin 40 mg/1 each oral tablet
414178007,Ezetimibe 10 mg and simvastatin 40 mg oral tablet
414178007,Product containing only ezetimibe 10 mg and simvastatin 40 mg/1 each oral tablet (clinical drug)
414178007,Product containing only ezetimibe 10 mg and simvastatin 40 mg/1 each oral tablet
414178007,Product containing precisely ezetimibe 10 milligram and simvastatin 40 milligram/1 each conventional release oral tablet (clinical drug)
414178007,Product containing precisely ezetimibe 10 milligram and simvastatin 40 milligram/1 each conventional release oral tablet
414178007,Simvastatin 40mg / Ezetimibe 10mg tablets
414179004,Ezetimibe 10mg/simvastatin 80mg tablet (product)
414179004,Ezetimibe 10mg/simvastatin 80mg tablet
414179004,Simvastatin 80mg / ezetimibe 10mg tablet
414179004,Product containing ezetimibe 10 mg and simvastatin 80 mg/1 each oral tablet (clinical drug)
414179004,Product containing ezetimibe 10 mg and simvastatin 80 mg/1 each oral tablet
414179004,Ezetimibe 10 mg and simvastatin 80 mg oral tablet
414179004,Product containing only ezetimibe 10 mg and simvastatin 80 mg/1 each oral tablet
414179004,Product containing only ezetimibe 10 mg and simvastatin 80 mg/1 each oral tablet (clinical drug)
414179004,Product containing precisely ezetimibe 10 milligram and simvastatin 80 milligram/1 each conventional release oral tablet (clinical drug)
414179004,Product containing precisely ezetimibe 10 milligram and simvastatin 80 milligram/1 each conventional release oral tablet
414179004,Simvastatin 80mg / Ezetimibe 10mg tablets
16511811000001100,Inegy 10mg/20mg tablets (Mawdsley-Brooks & Company Ltd) (product)
16511811000001100,Inegy 10mg/20mg tablets (Mawdsley-Brooks & Company Ltd)
16513811000001101,Inegy 10mg/80mg tablets (Mawdsley-Brooks & Company Ltd) (product)
16513811000001101,Inegy 10mg/80mg tablets (Mawdsley-Brooks & Company Ltd)
36492111000001105,Ezetimibe 10mg tablets (Xiromed) (product)
36492111000001105,Ezetimibe 10mg tablets (Xiromed)
38899011000001103,Ezetimibe 10mg tablets (Medihealth (Northern) Ltd)
38899011000001103,Ezetimibe 10mg tablets (Medihealth (Northern) Ltd) (product)
35366211000001105,Ezetimibe 10mg tablets (Teva UK Ltd) (product)
35366211000001105,Ezetimibe 10mg tablets (Teva UK Ltd)
30208611000001109,Ezetrol 10mg tablets (Waymade Healthcare Plc) (product)
30208611000001109,Ezetrol 10mg tablets (Waymade Healthcare Plc)
28921611000001106,Inegy 10mg/40mg tablets (Waymade Healthcare Plc) (product)
28921611000001106,Inegy 10mg/40mg tablets (Waymade Healthcare Plc)
19615111000001109,Inegy 10mg/80mg tablets (Doncaster Pharmaceuticals Ltd) (product)
19615111000001109,Inegy 10mg/80mg tablets (Doncaster Pharmaceuticals Ltd)
19615111000001109,Inegy 10mg/80mg tablets (DE Pharmaceuticals)
19614911000001108,Inegy 10mg/40mg tablets (Doncaster Pharmaceuticals Ltd) (product)
19614911000001108,Inegy 10mg/40mg tablets (Doncaster Pharmaceuticals Ltd)
19614911000001108,Inegy 10mg/40mg tablets (DE Pharmaceuticals)
19614711000001106,Inegy 10mg/20mg tablets (Doncaster Pharmaceuticals Ltd) (product)
19614711000001106,Inegy 10mg/20mg tablets (Doncaster Pharmaceuticals Ltd)
19614711000001106,Inegy 10mg/20mg tablets (DE Pharmaceuticals)
19612311000001100,Ezetrol 10mg tablets (Doncaster Pharmaceuticals Ltd) (product)
19612311000001100,Ezetrol 10mg tablets (Doncaster Pharmaceuticals Ltd)
19612311000001100,Ezetrol 10mg tablets (DE Pharmaceuticals)
16727711000001105,Inegy 10mg/80mg tablets (Waymade Healthcare Plc) (product)
16727711000001105,Inegy 10mg/80mg tablets (Waymade Healthcare Plc)
16575711000001104,Ezetrol 10mg tablets (Mawdsley-Brooks & Company Ltd) (product)
16575711000001104,Ezetrol 10mg tablets (Mawdsley-Brooks & Company Ltd)
16512711000001101,Inegy 10mg/40mg tablets (Mawdsley-Brooks & Company Ltd) (product)
16512711000001101,Inegy 10mg/40mg tablets (Mawdsley-Brooks & Company Ltd)
9310611000001103,Inegy 10mg/80mg tablets (Organon Pharma (UK) Ltd)
9310611000001103,Inegy 10mg/80mg tablets (Organon Pharma (UK) Ltd) (product)
9310611000001103,Inegy 10mg/80mg tablets (Merck Sharp & Dohme Ltd) (product)
9310611000001103,Inegy 10mg/80mg tablets (Merck Sharp & Dohme Ltd)
9310611000001103,Inegy 10mg/80mg tablets (MSD-SP Ltd)
9310611000001103,Inegy 10mg/80mg tablets (Merck Sharp & Dohme Ltd)
9310311000001108,Inegy 10mg/40mg tablets (Organon Pharma (UK) Ltd)
9310311000001108,Inegy 10mg/40mg tablets (Organon Pharma (UK) Ltd) (product)
9310311000001108,Inegy 10mg/40mg tablets (Merck Sharp & Dohme Ltd) (product)
9310311000001108,Inegy 10mg/40mg tablets (Merck Sharp & Dohme Ltd)
9310311000001108,Inegy 10mg/40mg tablets (MSD-SP Ltd)
9310311000001108,Inegy 10mg/40mg tablets (Merck Sharp & Dohme Ltd)
9309911000001100,Inegy 10mg/20mg tablets (Organon Pharma (UK) Ltd)
9309911000001100,Inegy 10mg/20mg tablets (Organon Pharma (UK) Ltd) (product)
9309911000001100,Inegy 10mg/20mg tablets (Merck Sharp & Dohme Ltd) (product)
9309911000001100,Inegy 10mg/20mg tablets (Merck Sharp & Dohme Ltd)
9309911000001100,Inegy 10mg/20mg tablets (MSD-SP Ltd)
9309911000001100,Inegy 10mg/20mg tablets (Merck Sharp & Dohme Ltd)
4495611000001102,Ezetrol 10mg tablets (Organon Pharma (UK) Ltd)
4495611000001102,Ezetrol 10mg tablets (Organon Pharma (UK) Ltd) (product)
4495611000001102,Ezetrol 10mg tablets (Merck Sharp & Dohme Ltd) (product)
4495611000001102,Ezetrol 10mg tablets (Merck Sharp & Dohme Ltd)
4495611000001102,Ezetrol 10mg tablets (MSD-SP Ltd)
4495611000001102,Ezetrol 10mg tablets (Merck Sharp & Dohme Ltd)
408060004,Ezetimibe 10mg tablet (product)
408060004,Ezetimibe 10mg tablet
408060004,Product containing ezetimibe 10 mg/1 each oral tablet (clinical drug)
408060004,Product containing ezetimibe 10 mg/1 each oral tablet
408060004,Ezetimibe 10 mg oral tablet
408060004,Product containing only ezetimibe 10 mg/1 each oral tablet
408060004,Product containing only ezetimibe 10 mg/1 each oral tablet (clinical drug)
408060004,Product containing precisely ezetimibe 10 milligram/1 each conventional release oral tablet (clinical drug)
408060004,Product containing precisely ezetimibe 10 milligram/1 each conventional release oral tablet
408060004,Ezetimibe 10mg tablets
40979011000001101,Ciprofibrate 100mg tablets (Accord Healthcare Ltd)
40979011000001101,Ciprofibrate 100mg tablets (Accord Healthcare Ltd) (product)
40462511000001109,Lopid 600mg tablets (DE Pharmaceuticals)
40462511000001109,Lopid 600mg tablets (DE Pharmaceuticals) (product)
39988711000001104,Fenofibrate micronised 67mg capsules (Alliance Healthcare (Distribution) Ltd)
39988711000001104,Fenofibrate micronised 67mg capsules (Alliance Healthcare (Distribution) Ltd) (product)
38905011000001107,Fenofibrate micronised 267mg capsules (Medihealth (Northern) Ltd)
38905011000001107,Fenofibrate micronised 267mg capsules (Medihealth (Northern) Ltd) (product)
38904811000001102,Fenofibrate micronised 67mg capsules (Medihealth (Northern) Ltd)
38904811000001102,Fenofibrate micronised 67mg capsules (Medihealth (Northern) Ltd) (product)
38904611000001101,Fenofibrate micronised 200mg capsules (Medihealth (Northern) Ltd)
38904611000001101,Fenofibrate micronised 200mg capsules (Medihealth (Northern) Ltd) (product)
38904411000001104,Fenofibrate micronised 160mg tablets (Medihealth (Northern) Ltd)
38904411000001104,Fenofibrate micronised 160mg tablets (Medihealth (Northern) Ltd) (product)
37377811000001103,Lopid 600mg tablets (CST Pharma Ltd)
37377811000001103,Lopid 600mg tablets (CST Pharma Ltd) (product)
37067911000001103,Fenofibrate micronised 160mg tablets (Mawdsley-Brooks & Company Ltd)
37067911000001103,Fenofibrate micronised 160mg tablet (Mawdsley-Brooks & Company Ltd) (product)
37067611000001109,Fenofibrate micronised 267mg capsules (Mawdsley-Brooks & Company Ltd)
37067611000001109,Fenofibrate micronised 267mg capsules (Mawdsley-Brooks & Company Ltd) (product)
37067311000001104,Fenofibrate micronised 200mg capsules (Mawdsley-Brooks & Company Ltd)
37067311000001104,Fenofibrate micronised 200mg capsules (Mawdsley-Brooks & Company Ltd) (product)
36872511000001100,Fenofibrate micronised 160mg tablets (Torrent Pharma (UK) Ltd) (product)
36872511000001100,Fenofibrate micronised 160mg tablets (Torrent Pharma (UK) Ltd)
36621411000001100,Fenofibrate micronised 267mg capsules (Accord Healthcare Ltd)
36621411000001100,Fenofibrate micronised 267mg capsules (Accord Healthcare Ltd) (product)
36621411000001100,Fenofibrate micronised 267mg capsules (Actavis UK Ltd) (product)
36621411000001100,Fenofibrate micronised 267mg capsules (Actavis UK Ltd)
32474111000001108,Fenofibrate 160mg/5ml oral solution (product)
32474111000001108,Fenofibrate 160mg/5ml oral solution
32473411000001101,Fenofibrate 160mg/5ml oral solution (Special Order) (product)
32473411000001101,Fenofibrate 160mg/5ml oral solution (Special Order)
32407011000001108,Fenofibrate micronised 267mg capsules (Kent Pharma (UK) Ltd)
32407011000001108,Fenofibrate micronised 267mg capsules (Kent Pharma (UK) Ltd) (product)
32407011000001108,Fenofibrate micronised 267mg capsules (Kent Pharmaceuticals Ltd) (product)
32407011000001108,Fenofibrate micronised 267mg capsules (Kent Pharmaceuticals Ltd)
32234311000001109,Fenofibrate 145mg / Simvastatin 40mg tablets (product)
32234311000001109,Fenofibrate 145mg / Simvastatin 40mg tablets
32234211000001101,Fenofibrate 145mg / Simvastatin 20mg tablets (product)
32234211000001101,Fenofibrate 145mg / Simvastatin 20mg tablets
32170911000001100,Cholib 145mg/20mg tablets (Viatris UK Healthcare Ltd)
32170911000001100,Cholib 145mg/20mg tablets (Viatris UK Healthcare Ltd) (product)
32170911000001100,Cholib 145mg/20mg tablets (BGP Products Ltd) (product)
32170911000001100,Cholib 145mg/20mg tablets (BGP Products Ltd)
32170911000001100,Cholib 145mg/20mg tablets (Mylan Ltd)
32170911000001100,Cholib 145mg/20mg tablets (Mylan)
32169911000001103,Cholib 145mg/40mg tablets (Viatris UK Healthcare Ltd)
32169911000001103,Cholib 145mg/40mg tablets (Viatris UK Healthcare Ltd) (product)
32169911000001103,Cholib 145mg/40mg tablets (BGP Products Ltd) (product)
32169911000001103,Cholib 145mg/40mg tablets (BGP Products Ltd)
32169911000001103,Cholib 145mg/40mg tablets (Mylan Ltd)
32169911000001103,Cholib 145mg/40mg tablets (Mylan)
30054611000001102,Fenofibrate micronised 160mg tablets (DE Pharmaceuticals) (product)
30054611000001102,Fenofibrate micronised 160mg tablets (DE Pharmaceuticals)
30000811000001101,Bezafibrate 200mg tablets (Mawdsley-Brooks & Company Ltd) (product)
30000811000001101,Bezafibrate 200mg tablets (Mawdsley-Brooks & Company Ltd)
29920711000001108,Ciprofibrate 100mg tablets (Primegen Ltd) (product)
29920711000001108,Ciprofibrate 100mg tablets (Primegen Ltd)
29920711000001108,Ciprofibrate 100mg tablets (Focus Pharmaceuticals Ltd)
29920711000001108,Ciprofibrate 100mg tablets (Advanz Pharma)
29860911000001106,Fenofibrate micronised 200mg capsules (Sigma Pharmaceuticals Plc) (product)
29860911000001106,Fenofibrate micronised 200mg capsules (Sigma Pharmaceuticals Plc)
29860711000001109,Fenofibrate micronised 160mg tablets (Sigma Pharmaceuticals Plc) (product)
29860711000001109,Fenofibrate micronised 160mg tablets (Sigma Pharmaceuticals Plc)
29788711000001106,Ciprofibrate 100mg tablets (Sigma Pharmaceuticals Plc) (product)
29788711000001106,Ciprofibrate 100mg tablets (Sigma Pharmaceuticals Plc)
29558611000001107,Bezafibrate 400mg modified-release tablets (A A H Pharmaceuticals Ltd) (product)
29558611000001107,Bezafibrate 400mg modified-release tablets (A A H Pharmaceuticals Ltd)
23977711000001108,Fenofibrate micronised 67mg capsules (DE Pharmaceuticals) (product)
23977711000001108,Fenofibrate micronised 67mg capsules (DE Pharmaceuticals)
23977511000001103,Fenofibrate micronised 267mg capsules (DE Pharmaceuticals) (product)
23977511000001103,Fenofibrate micronised 267mg capsules (DE Pharmaceuticals)
23977311000001109,Fenofibrate micronised 200mg capsules (DE Pharmaceuticals) (product)
23977311000001109,Fenofibrate micronised 200mg capsules (DE Pharmaceuticals)
23936011000001105,Gemfibrozil 600mg tablets (Doncaster Pharmaceuticals Ltd) (product)
23936011000001105,Gemfibrozil 600mg tablets (Doncaster Pharmaceuticals Ltd)
23936011000001105,Gemfibrozil 600mg tablets (DE Pharmaceuticals)
23920311000001107,Gemfibrozil 600mg tablets (Phoenix Healthcare Distribution Ltd) (product)
23920311000001107,Gemfibrozil 600mg tablets (Phoenix Healthcare Distribution Ltd)
23916211000001107,Fenofibrate micronised 160mg tablets (Phoenix Healthcare Distribution Ltd) (product)
23916211000001107,Fenofibrate micronised 160mg tablets (Phoenix Healthcare Distribution Ltd)
23647911000001105,Ciprofibrate 100mg tablets (Phoenix Healthcare Distribution Ltd) (product)
23647911000001105,Ciprofibrate 100mg tablets (Phoenix Healthcare Distribution Ltd)
23646011000001108,Bezafibrate 400mg modified-release tablets (Phoenix Healthcare Distribution Ltd) (product)
23646011000001108,Bezafibrate 400mg modified-release tablets (Phoenix Healthcare Distribution Ltd)
22621011000001109,Bezafibrate 200mg tablets (Doncaster Pharmaceuticals Ltd) (product)
22621011000001109,Bezafibrate 200mg tablets (Doncaster Pharmaceuticals Ltd)
22621011000001109,Bezafibrate 200mg tablets (DE Pharmaceuticals)
22025211000001106,Gemfibrozil 600mg tablets (Waymade Healthcare Plc) (product)
22025211000001106,Gemfibrozil 600mg tablets (Waymade Healthcare Plc)
21980011000001105,Fenofibrate micronised 267mg capsules (Waymade Healthcare Plc) (product)
21980011000001105,Fenofibrate micronised 267mg capsules (Waymade Healthcare Plc)
21979811000001104,Fenofibrate micronised 200mg capsules (Waymade Healthcare Plc) (product)
21979811000001104,Fenofibrate micronised 200mg capsules (Waymade Healthcare Plc)
21979611000001103,Fenofibrate micronised 160mg tablets (Waymade Healthcare Plc) (product)
21979611000001103,Fenofibrate micronised 160mg tablets (Waymade Healthcare Plc)
21979411000001101,Fenofibrate micronised 67mg capsules (Waymade Healthcare Plc) (product)
21979411000001101,Fenofibrate micronised 67mg capsules (Waymade Healthcare Plc)
20943211000001107,Bezafibrate 200mg tablets (Actavis UK Ltd) (product)
20943211000001107,Bezafibrate 200mg tablets (Actavis UK Ltd)
20505911000001101,Fenofibrate micronised 160mg tablets (Alliance Healthcare (Distribution) Ltd) (product)
20505911000001101,Fenofibrate micronised 160mg tablets (Alliance Healthcare (Distribution) Ltd)
20411211000001102,Fenofibrate micronised 160mg tablets (Genus Pharmaceuticals Ltd) (product)
20411211000001102,Fenofibrate micronised 160mg tablets (Genus Pharmaceuticals Ltd)
20411211000001102,Fenofibrate micronised 160mg tablets (Thornton & Ross Ltd)
20411211000001102,Fenofibrate micronised 160mg tablets (Genus Pharmaceuticals Ltd)
20411211000001102,Fenofibrate micronised 160mg tablets (Thornton & Ross Ltd)
20411211000001102,Fenofibrate micronised 160mg tablets (Genus Pharmaceuticals Ltd)
19713211000001105,Ciprofibrate 100mg tablets (Doncaster Pharmaceuticals Ltd) (product)
19713211000001105,Ciprofibrate 100mg tablets (Doncaster Pharmaceuticals Ltd)
19713211000001105,Ciprofibrate 100mg tablets (DE Pharmaceuticals)
18589011000001103,Lipantil Micro 67 capsules (Doncaster Pharmaceuticals Ltd) (product)
18589011000001103,Lipantil Micro 67 capsules (Doncaster Pharmaceuticals Ltd)
18589011000001103,Lipantil Micro 67 capsules (DE Pharmaceuticals)
18492611000001106,Lipantil Micro 267 capsules (Necessity Supplies Ltd) (product)
18492611000001106,Lipantil Micro 267 capsules (Necessity Supplies Ltd)
18489411000001103,Bezalip Mono 400mg modified-release tablets (Necessity Supplies Ltd) (product)
18489411000001103,Bezalip Mono 400mg modified-release tablets (Necessity Supplies Ltd)
18194211000001101,Supralip 160mg tablets (Necessity Supplies Ltd) (product)
18194211000001101,Supralip 160mg tablets (Necessity Supplies Ltd)
17905711000001100,Fenofibrate micronised 267mg capsules (Phoenix Healthcare Distribution Ltd) (product)
17905711000001100,Fenofibrate micronised 267mg capsules (Phoenix Healthcare Distribution Ltd)
17905511000001105,Fenofibrate micronised 200mg capsules (Phoenix Healthcare Distribution Ltd) (product)
17905511000001105,Fenofibrate micronised 200mg capsules (Phoenix Healthcare Distribution Ltd)
17802711000001104,Bezafibrate 200mg tablets (Phoenix Healthcare Distribution Ltd) (product)
17802711000001104,Bezafibrate 200mg tablets (Phoenix Healthcare Distribution Ltd)
17568111000001104,Lipantil Micro 267 capsules (Sigma Pharmaceuticals Plc) (product)
17568111000001104,Lipantil Micro 267 capsules (Sigma Pharmaceuticals Plc)
17567911000001102,Lipantil Micro 200 capsules (Sigma Pharmaceuticals Plc) (product)
17567911000001102,Lipantil Micro 200 capsules (Sigma Pharmaceuticals Plc)
17513211000001103,Lipantil Micro 267 capsules (Mawdsley-Brooks & Company Ltd) (product)
17513211000001103,Lipantil Micro 267 capsules (Mawdsley-Brooks & Company Ltd)
17513011000001108,Lipantil Micro 200 capsules (Mawdsley-Brooks & Company Ltd) (product)
17513011000001108,Lipantil Micro 200 capsules (Mawdsley-Brooks & Company Ltd)
17456911000001104,Supralip 160mg tablets (Mawdsley-Brooks & Company Ltd) (product)
17456911000001104,Supralip 160mg tablets (Mawdsley-Brooks & Company Ltd)
17327411000001101,Fenofibrate micronised 200mg capsules (Teva UK Ltd) (product)
17327411000001101,Fenofibrate micronised 200mg capsules (Teva UK Ltd)
17327211000001100,Fenofibrate micronised 160mg tablets (Teva UK Ltd) (product)
17327211000001100,Fenofibrate micronised 160mg tablets (Teva UK Ltd)
17299611000001108,Fenofibrate micronised 67mg capsules (Teva UK Ltd) (product)
17299611000001108,Fenofibrate micronised 67mg capsules (Teva UK Ltd)
16556711000001105,Modalim 100mg tablets (Mawdsley-Brooks & Company Ltd) (product)
16556711000001105,Modalim 100mg tablets (Mawdsley-Brooks & Company Ltd)
16552811000001103,Lopid 600mg tablets (Stephar (U.K.) Ltd) (product)
16552811000001103,Lopid 600mg tablets (Stephar (U.K.) Ltd)
16552611000001102,Lipantil Micro 267 capsules (Stephar (U.K.) Ltd) (product)
16552611000001102,Lipantil Micro 267 capsules (Stephar (U.K.) Ltd)
16552411000001100,Lipantil Micro 200 capsules (Stephar (U.K.) Ltd) (product)
16552411000001100,Lipantil Micro 200 capsules (Stephar (U.K.) Ltd)
16547611000001102,Fenofibrate micronised 267mg capsules (Teva UK Ltd) (product)
16547611000001102,Fenofibrate micronised 267mg capsules (Teva UK Ltd)
16505611000001104,Lipantil Micro 67 capsules (Mawdsley-Brooks & Company Ltd) (product)
16505611000001104,Lipantil Micro 67 capsules (Mawdsley-Brooks & Company Ltd)
16442211000001108,Ciprofibrate 100mg tablets (A A H Pharmaceuticals Ltd) (product)
16442211000001108,Ciprofibrate 100mg tablets (A A H Pharmaceuticals Ltd)
16345511000001107,Bezalip Mono 400mg modified-release tablets (Mawdsley-Brooks & Company Ltd) (product)
16345511000001107,Bezalip Mono 400mg modified-release tablets (Mawdsley-Brooks & Company Ltd)
16207911000001106,Modalim 100mg tablets (Lexon (UK) Ltd) (product)
16207911000001106,Modalim 100mg tablets (Lexon (UK) Ltd)
16200611000001104,Lopid 600mg tablets (Lexon (UK) Ltd) (product)
16200611000001104,Lopid 600mg tablets (Lexon (UK) Ltd)
16199411000001107,Lipantil Micro 267 capsules (Lexon (UK) Ltd) (product)
16199411000001107,Lipantil Micro 267 capsules (Lexon (UK) Ltd)
16199211000001108,Lipantil Micro 200 capsules (Lexon (UK) Ltd) (product)
16199211000001108,Lipantil Micro 200 capsules (Lexon (UK) Ltd)
16199011000001103,Lipantil Micro 67 capsules (Lexon (UK) Ltd) (product)
16199011000001103,Lipantil Micro 67 capsules (Lexon (UK) Ltd)
16184011000001103,Fenofibrate micronised 67mg capsules (A A H Pharmaceuticals Ltd) (product)
16184011000001103,Fenofibrate micronised 67mg capsules (A A H Pharmaceuticals Ltd)
16165511000001105,Fenofibrate micronised 267mg capsules (Alliance Healthcare (Distribution) Ltd) (product)
16165511000001105,Fenofibrate micronised 267mg capsules (Alliance Healthcare (Distribution) Ltd)
16165111000001101,Ciprofibrate 100mg tablets (Alliance Healthcare (Distribution) Ltd) (product)
16165111000001101,Ciprofibrate 100mg tablets (Alliance Healthcare (Distribution) Ltd)
16142411000001106,Bezalip Mono 400mg modified-release tablets (Lexon (UK) Ltd) (product)
16142411000001106,Bezalip Mono 400mg modified-release tablets (Lexon (UK) Ltd)
16034411000001109,Ciprofibrate 100mg tablets (Zentiva Pharma UK Ltd)
16034411000001109,Ciprofibrate 100mg tablets (Zentiva Pharma UK Ltd) (product)
16034411000001109,Ciprofibrate 100mg tablets (Winthrop Pharmaceuticals UK Ltd) (product)
16034411000001109,Ciprofibrate 100mg tablets (Winthrop Pharmaceuticals UK Ltd)
16034411000001109,Ciprofibrate 100mg tablets (Zentiva)
15084211000001101,Fenofibrate micronised 267mg capsules (Sigma Pharmaceuticals Plc) (product)
15084211000001101,Fenofibrate micronised 267mg capsules (Sigma Pharmaceuticals Plc)
15055111000001103,Bezafibrate 200mg tablets (Sigma Pharmaceuticals Plc) (product)
15055111000001103,Bezafibrate 200mg tablets (Sigma Pharmaceuticals Plc)
15004711000001109,Fenofibrate micronised 200mg capsules (Accord Healthcare Ltd)
15004711000001109,Fenofibrate micronised 200mg capsules (Accord Healthcare Ltd) (product)
15004711000001109,Fenofibrate micronised 200mg capsules (Actavis UK Ltd) (product)
15004711000001109,Fenofibrate micronised 200mg capsules (Actavis UK Ltd)
15004411000001103,Fenofibrate micronised 67mg capsules (Accord Healthcare Ltd)
15004411000001103,Fenofibrate micronised 67mg capsules (Accord Healthcare Ltd) (product)
15004411000001103,Fenofibrate micronised 67mg capsules (Actavis UK Ltd) (product)
15004411000001103,Fenofibrate micronised 67mg capsules (Actavis UK Ltd)
14619111000001107,Supralip 160mg tablets (Sigma Pharmaceuticals Plc) (product)
14619111000001107,Supralip 160mg tablets (Sigma Pharmaceuticals Plc)
14331511000001104,Lopid 600 tablets (Sigma Pharmaceuticals Plc) (product)
14331511000001104,Lopid 600 tablets (Sigma Pharmaceuticals Plc)
14331511000001104,Lopid 600mg tablets (Sigma Pharmaceuticals Plc)
14305611000001108,Lipantil Micro 67 capsules (Sigma Pharmaceuticals Plc) (product)
14305611000001108,Lipantil Micro 67 capsules (Sigma Pharmaceuticals Plc)
14285111000001109,Bezalip Mono 400mg modified-release tablets (Sigma Pharmaceuticals Plc) (product)
14285111000001109,Bezalip Mono 400mg modified-release tablets (Sigma Pharmaceuticals Plc)
14284311000001107,Bezalip 200mg tablets (Sigma Pharmaceuticals Plc) (product)
14284311000001107,Bezalip 200mg tablets (Sigma Pharmaceuticals Plc)
13922411000001100,Lipantil Micro 267 capsules (Doncaster Pharmaceuticals Ltd) (product)
13922411000001100,Lipantil Micro 267 capsules (Doncaster Pharmaceuticals Ltd)
13922411000001100,Lipantil Micro 267 capsules (DE Pharmaceuticals)
13922211000001104,Lipantil Micro 200 capsules (Doncaster Pharmaceuticals Ltd) (product)
13922211000001104,Lipantil Micro 200 capsules (Doncaster Pharmaceuticals Ltd)
13922211000001104,Lipantil Micro 200 capsules (DE Pharmaceuticals)
13836411000001109,Bezalip Mono 400mg modified-release tablets (Doncaster Pharmaceuticals Ltd) (product)
13836411000001109,Bezalip Mono 400mg modified-release tablets (Doncaster Pharmaceuticals Ltd)
13836411000001109,Bezalip Mono 400mg modified-release tablets (DE Pharmaceuticals)
13753011000001105,Gemfibrozil 600mg tablets (Tillomed Laboratories Ltd) (product)
13753011000001105,Gemfibrozil 600mg tablets (Tillomed Laboratories Ltd)
13721411000001104,Fenofibrate micronised 267mg capsules (Ranbaxy (UK) Ltd) (product)
13721411000001104,Fenofibrate micronised 267mg capsules (Ranbaxy (UK) Ltd)
13720811000001105,Fenofibrate micronised 200mg capsules (Ranbaxy (UK) Ltd) (product)
13720811000001105,Fenofibrate micronised 200mg capsules (Ranbaxy (UK) Ltd)
13720411000001108,Fenofibrate micronised 67mg capsules (Ranbaxy (UK) Ltd) (product)
13720411000001108,Fenofibrate micronised 67mg capsules (Ranbaxy (UK) Ltd)
13469211000001100,Fenofibrate micronised 200mg capsules (Tillomed Laboratories Ltd) (product)
13469211000001100,Fenofibrate micronised 200mg capsules (Tillomed Laboratories Ltd)
13206211000001107,Supralip 160mg tablets (Dowelhurst Ltd) (product)
13206211000001107,Supralip 160mg tablets (Dowelhurst Ltd)
13184111000001109,Bezafibrate 400mg modified-release tablets (Dowelhurst Ltd) (product)
13184111000001109,Bezafibrate 400mg modified-release tablets (Dowelhurst Ltd)
13183711000001108,Bezafibrate 200mg tablets (Dowelhurst Ltd) (product)
13183711000001108,Bezafibrate 200mg tablets (Dowelhurst Ltd)
13158601000001104,Bezafibrate 400mg modified-release tablets (product)
13158601000001104,Bezafibrate 400mg modified-release tablets
12286611000001102,Bezafibrate 200mg/5ml oral suspension (product)
12286611000001102,Bezafibrate 200mg/5ml oral suspension
12232211000001107,Bezafibrate 200mg/5ml oral suspension (Special Order) (product)
12232211000001107,Bezafibrate 200mg/5ml oral suspension (Special Order)
11428211000001105,Gemfibrozil 600mg tablets (Actavis UK Ltd) (product)
11428211000001105,Gemfibrozil 600mg tablets (Actavis UK Ltd)
10784611000001107,Lipantil Micro 267 capsules (PI) (Waymade Ltd) (product)
10784611000001107,Lipantil Micro 267 capsules (PI) (Waymade Ltd)
10784611000001107,Lipantil Micro 267 capsules (Waymade Ltd)
10784611000001107,Lipantil Micro 267 capsules (Waymade Healthcare Plc)
10639311000001102,Fenofibrate micronised 267mg capsules (A A H Pharmaceuticals Ltd) (product)
10639311000001102,Fenofibrate micronised 267mg capsules (A A H Pharmaceuticals Ltd)
10507311000001106,Supralip 160mg tablets (PI) (Waymade Ltd) (product)
10507311000001106,Supralip 160mg tablets (PI) (Waymade Ltd)
10507311000001106,Supralip 160mg tablets (Waymade Ltd)
10507311000001106,Supralip 160mg tablets (Waymade Healthcare Plc)
10467511000001105,Bezalip 200mg tablets (PI) (Dowelhurst Ltd) (product)
10467511000001105,Bezalip 200mg tablets (PI) (Dowelhurst Ltd)
10467511000001105,Bezalip 200mg tablets (Dowelhurst Ltd)
9843611000001100,Fenofibrate 200mg capsules (product)
9843611000001100,Fenofibrate 200mg capsules
9835611000001100,Fenogal 200mg capsules (Genus Pharmaceuticals) (product)
9835611000001100,Fenogal 200mg capsules (Genus Pharmaceuticals)
9835611000001100,Fenogal 200mg capsules (Genus Pharmaceuticals Ltd)
9526011000001100,Bezafibrate 200mg tablets (Teva UK Ltd) (product)
9526011000001100,Bezafibrate 200mg tablets (Teva UK Ltd)
9157011000001106,Fenofibrate micronised 200mg capsules (A A H Pharmaceuticals Ltd) (product)
9157011000001106,Fenofibrate micronised 200mg capsules (A A H Pharmaceuticals Ltd)
7531411000001106,Fibrazate XL 400mg tablets (Sandoz Ltd) (product)
7531411000001106,Fibrazate XL 400mg tablets (Sandoz Ltd)
5557611000001102,Lipantil Micro 67 capsules (PI) (Dowelhurst Ltd) (product)
5557611000001102,Lipantil Micro 67 capsules (PI) (Dowelhurst Ltd)
5557611000001102,Lipantil Micro 67 capsules (Dowelhurst Ltd)
5556911000001105,Lipantil Micro 200 capsules (PI) (Dowelhurst Ltd) (product)
5556911000001105,Lipantil Micro 200 capsules (PI) (Dowelhurst Ltd)
5556911000001105,Lipantil Micro 200 capsules (Dowelhurst Ltd)
5555611000001109,Lopid 600 tablets (PI) (Dowelhurst Ltd) (product)
5555611000001109,Lopid 600 tablets (PI) (Dowelhurst Ltd)
5555611000001109,Lopid 600 tablets (Dowelhurst Ltd)
5555611000001109,Lopid 600mg tablets (Dowelhurst Ltd)
5524911000001103,Bezalip Mono 400mg modified-release tablets (PI) (Dowelhurst Ltd) (product)
5524911000001103,Bezalip Mono 400mg modified-release tablets (PI) (Dowelhurst Ltd)
5524911000001103,Bezalip Mono 400mg modified-release tablets (Dowelhurst Ltd)
5494411000001107,Gemfibrozil 600mg tablets (PI) (Dowelhurst Ltd) (product)
5494411000001107,Gemfibrozil 600mg tablets (PI) (Dowelhurst Ltd)
5494411000001107,Gemfibrozil 600mg tablets (Dowelhurst Ltd)
5390311000001100,Lopid 600 tablets (PI) (Waymade Ltd) (product)
5390311000001100,Lopid 600 tablets (PI) (Waymade Ltd)
5390311000001100,Lopid 600 tablets (Waymade Ltd)
5390311000001100,Lopid 600 tablets (Waymade Healthcare Plc)
5390311000001100,Lopid 600mg tablets (Waymade Healthcare Plc)
5384511000001103,Lipantil Micro 200 capsules (PI) (Waymade Ltd) (product)
5384511000001103,Lipantil Micro 200 capsules (PI) (Waymade Ltd)
5384511000001103,Lipantil Micro 200 capsules (Waymade Ltd)
5384511000001103,Lipantil Micro 200 capsules (Waymade Healthcare Plc)
5341811000001105,Bezalip 200mg tablets (PI) (Waymade Ltd) (product)
5341811000001105,Bezalip 200mg tablets (PI) (Waymade Ltd)
5341811000001105,Bezalip 200mg tablets (Waymade Ltd)
5341811000001105,Bezalip 200mg tablets (Waymade Healthcare Plc)
5341511000001107,Bezalip Mono 400mg modified-release tablets (PI) (Waymade Ltd) (product)
5341511000001107,Bezalip Mono 400mg modified-release tablets (PI) (Waymade Ltd)
5341511000001107,Bezalip Mono 400mg modified-release tablets (Waymade Ltd)
5341511000001107,Bezalip Mono 400mg modified-release tablets (Waymade Healthcare Plc)
4579711000001108,Fenofibrate micronised 200mg capsules (Sandoz Ltd) (product)
4579711000001108,Fenofibrate micronised 200mg capsules (Sandoz Ltd)
4255511000001106,Fenofibrate micronised 200mg capsules (Unichem Plc) (product)
4255511000001106,Fenofibrate micronised 200mg capsules (Unichem Plc)
4255511000001106,Fenofibrate micronised 200mg capsules (UniChem Ltd)
4255511000001106,Fenofibrate micronised 200mg capsules (Alliance Healthcare (Distribution) Ltd)
3700511000001103,Bezafibrate 400mg modified-release tablets (Unichem Plc) (product)
3700511000001103,Bezafibrate 400mg modified-release tablets (Unichem Plc)
3700511000001103,Bezafibrate 400mg modified-release tablets (UniChem Ltd)
3700511000001103,Bezafibrate 400mg modified-release tablets (Alliance Healthcare (Distribution) Ltd)
2957911000001102,Lipantil Micro 267 capsules (Viatris UK Healthcare Ltd)
2957911000001102,Lipantil Micro 267 capsules (Viatris UK Healthcare Ltd) (product)
2957911000001102,Lipantil Micro 267 capsules (Fournier Pharmaceuticals Ltd) (product)
2957911000001102,Lipantil Micro 267 capsules (Fournier Pharmaceuticals Ltd)
2957911000001102,Lipantil Micro 267 capsules (Solvay Healthcare Ltd)
2957911000001102,Lipantil Micro 267 capsules (Fournier Pharmaceuticals Ltd)
2957911000001102,Lipantil Micro 267 capsules (Solvay Healthcare Ltd)
2957911000001102,Lipantil Micro 267 capsules (Abbott Healthcare Products Ltd)
2957911000001102,Lipantil Micro 267 capsules (BGP Products Ltd)
2957911000001102,Lipantil Micro 267 capsules (Mylan Ltd)
2957911000001102,Lipantil Micro 267 capsules (Mylan)
2957011000001101,Lipantil Micro 67 capsules (Viatris UK Healthcare Ltd)
2957011000001101,Lipantil Micro 67 capsules (Viatris UK Healthcare Ltd) (product)
2957011000001101,Lipantil Micro 67 capsules (Fournier Pharmaceuticals Ltd) (product)
2957011000001101,Lipantil Micro 67 capsules (Fournier Pharmaceuticals Ltd)
2957011000001101,Lipantil Micro 67 capsules (Solvay Healthcare Ltd)
2957011000001101,Lipantil Micro 67 capsules (Fournier Pharmaceuticals Ltd)
2957011000001101,Lipantil Micro 67 capsules (Solvay Healthcare Ltd)
2957011000001101,Lipantil Micro 67 capsules (Abbott Healthcare Products Ltd)
2957011000001101,Lipantil Micro 67 capsules (BGP Products Ltd)
2957011000001101,Lipantil Micro 67 capsules (Mylan Ltd)
2957011000001101,Lipantil Micro 67 capsules (Mylan)
2953111000001108,Fenofibrate micronised 200mg capsules (Kent Pharma (UK) Ltd)
2953111000001108,Fenofibrate micronised 200mg capsules (Kent Pharma (UK) Ltd) (product)
2953111000001108,Fenofibrate micronised 200mg capsules (Kent Pharmaceuticals Ltd) (product)
2953111000001108,Fenofibrate micronised 200mg capsules (Kent Pharmaceuticals Ltd)
2952711000001101,Fenofibrate micronised 200mg capsules (Viatris UK Healthcare Ltd)
2952711000001101,Fenofibrate micronised 200mg capsules (Viatris UK Healthcare Ltd) (product)
2952711000001101,Fenofibrate micronised 200mg capsules (Generics (UK) Ltd) (product)
2952711000001101,Fenofibrate micronised 200mg capsules (Generics (UK) Ltd)
2952711000001101,Fenofibrate micronised 200mg capsules (Mylan Ltd)
2952711000001101,Fenofibrate micronised 200mg capsules (Mylan)
2952311000001100,Lipantil Micro 200 capsules (Viatris UK Healthcare Ltd)
2952311000001100,Lipantil Micro 200 capsules (Viatris UK Healthcare Ltd) (product)
2952311000001100,Lipantil Micro 200 capsules (Fournier Pharmaceuticals Ltd) (product)
2952311000001100,Lipantil Micro 200 capsules (Fournier Pharmaceuticals Ltd)
2952311000001100,Lipantil Micro 200 capsules (Solvay Healthcare Ltd)
2952311000001100,Lipantil Micro 200 capsules (Fournier Pharmaceuticals Ltd)
2952311000001100,Lipantil Micro 200 capsules (Solvay Healthcare Ltd)
2952311000001100,Lipantil Micro 200 capsules (Abbott Healthcare Products Ltd)
2952311000001100,Lipantil Micro 200 capsules (BGP Products Ltd)
2952311000001100,Lipantil Micro 200 capsules (Mylan Ltd)
2952311000001100,Lipantil Micro 200 capsules (Mylan)
2950911000001103,Supralip 160mg tablets (Viatris UK Healthcare Ltd)
2950911000001103,Supralip 160mg tablets (Viatris UK Healthcare Ltd) (product)
2950911000001103,Supralip 160mg modified-release tablets (Fournier Pharmaceuticals Ltd) (product)
2950911000001103,Supralip 160mg modified-release tablets (Fournier Pharmaceuticals Ltd)
2950911000001103,Supralip 160mg tablets (Solvay Healthcare Ltd)
2950911000001103,Supralip 160mg tablets (Fournier Pharmaceuticals Ltd)
2950911000001103,Supralip 160mg tablets (Solvay Healthcare Ltd)
2950911000001103,Supralip 160mg tablets (Abbott Healthcare Products Ltd)
2950911000001103,Supralip 160mg tablets (BGP Products Ltd)
2950911000001103,Supralip 160mg tablets (Mylan Ltd)
2950911000001103,Supralip 160mg tablets (Mylan)
888411000001109,Gemfibrozil 300mg capsules (A A H Pharmaceuticals Ltd) (product)
888411000001109,Gemfibrozil 300mg capsules (A A H Pharmaceuticals Ltd)
888111000001104,Bezagen XL 400mg tablets (Viatris UK Healthcare Ltd)
888111000001104,Bezagen XL 400mg tablets (Viatris UK Healthcare Ltd) (product)
888111000001104,Bezagen XL 400mg tablets (Generics (UK) Ltd) (product)
888111000001104,Bezagen XL 400mg tablets (Generics (UK) Ltd)
888111000001104,Bezagen XL 400mg tablets (Mylan Ltd)
888111000001104,Bezagen XL 400mg tablets (Mylan)
604511000001108,Gemfibrozil 300mg capsules (Kent Pharma (UK) Ltd)
604511000001108,Gemfibrozil 300mg capsules (Kent Pharma (UK) Ltd) (product)
604511000001108,Gemfibrozil 300mg capsules (Kent Pharmaceuticals Ltd) (product)
604511000001108,Gemfibrozil 300mg capsules (Kent Pharmaceuticals Ltd)
527311000001109,Bezafibrate 200mg tablets (A A H Pharmaceuticals Ltd) (product)
527311000001109,Bezafibrate 200mg tablets (A A H Pharmaceuticals Ltd)
486511000001100,Bezafibrate 200mg tablets (Unichem Plc) (product)
486511000001100,Bezafibrate 200mg tablets (Unichem Plc)
486511000001100,Bezafibrate 200mg tablets (UniChem Ltd)
486511000001100,Bezafibrate 200mg tablets (Alliance Healthcare (Distribution) Ltd)
457811000001109,Modalim 100mg tablets (Sanofi-Synthelabo Ltd) (product)
457811000001109,Modalim 100mg tablets (Sanofi-Synthelabo Ltd)
457811000001109,Modalim 100mg tablets (sanofi-aventis)
457811000001109,Modalim 100mg tablets (Sanofi)
449011000001109,Gemfibrozil 600mg tablets (Kent Pharma (UK) Ltd)
449011000001109,Gemfibrozil 600mg tablets (Kent Pharma (UK) Ltd) (product)
449011000001109,Gemfibrozil 600mg tablets (Kent Pharmaceuticals Ltd) (product)
449011000001109,Gemfibrozil 600mg tablets (Kent Pharmaceuticals Ltd)
389111000001109,Lopid 600mg tablets (Pfizer Ltd) (product)
389111000001109,Lopid 600mg tablets (Pfizer Ltd)
383511000001102,Lopid 300mg capsules (Pfizer Ltd) (product)
383511000001102,Lopid 300mg capsules (Pfizer Ltd)
349711000001104,Bezalip Mono 400mg modified-release tablets (Roche Products Ltd) (product)
349711000001104,Bezalip Mono 400mg modified-release tablets (Roche Products Ltd)
349711000001104,Bezalip Mono 400mg modified-release tablets (Actavis UK Ltd)
349711000001104,Bezalip Mono 400mg modified-release tablets (Teva UK Ltd)
235811000001101,Gemfibrozil 600mg tablets (IVAX Pharmaceuticals UK Ltd) (product)
235811000001101,Gemfibrozil 600mg tablets (IVAX Pharmaceuticals UK Ltd)
68411000001107,Liparol 400 XL tablets (Ashbourne Pharmaceuticals Ltd) (product)
68411000001107,Liparol 400 XL tablets (Ashbourne Pharmaceuticals Ltd)
320018007,Ciprofibrate 100mg tablet
320018007,Ciprofibrate 100mg tablet (substance)
320018007,Ciprofibrate 100mg tablet (product)
320018007,Product containing ciprofibrate 100 mg/1 each oral tablet (clinical drug)
320018007,Product containing ciprofibrate 100 mg/1 each oral tablet
320018007,Ciprofibrate 100 mg oral tablet
320018007,Product containing only ciprofibrate 100 mg/1 each oral tablet
320018007,Product containing only ciprofibrate 100 mg/1 each oral tablet (clinical drug)
320018007,Product containing precisely ciprofibrate 100 milligram/1 each conventional release oral tablet
320018007,Product containing precisely ciprofibrate 100 milligram/1 each conventional release oral tablet (clinical drug)
320018007,Ciprofibrate 100mg tablets
319994002,Fenofibrate 160mg m/r tablet
319994002,Fenofibrate 160mg m/r tablet (substance)
319994002,Fenofibrate 160mg m/r tablet (product)
319994002,Fenofibrate micro 160mg tablet
319994002,Fenofibrate micronized 160mg tablet
319994002,Fenofibrate micronised 160mg tablet
319994002,Fenofibrate micronized 160mg tablet (product)
319994002,Product containing fenofibrate micronized 160 mg/1 each oral tablet (clinical drug)
319994002,Product containing fenofibrate micronized 160 mg/1 each oral tablet
319994002,Fenofibrate micronized 160 mg oral tablet
319994002,Product containing only fenofibrate micronized 160 mg/1 each oral tablet (clinical drug)
319994002,Product containing only fenofibrate micronized 160 mg/1 each oral tablet
319994002,Product containing precisely fenofibrate micronized 160 milligram/1 each conventional release oral tablet (clinical drug)
319994002,Product containing precisely fenofibrate micronized 160 milligram/1 each conventional release oral tablet
319994002,Fenofibrate micronised 160 mg oral tablet
319994002,Fenofibrate micronised 160mg tablets
319992003,Fenofibrate 267mg capsule
319992003,Fenofibrate 267mg capsule (substance)
319992003,Fenofibrate 267mg capsule (product)
319992003,Fenofibrate micronised 267mg capsule
319992003,Fenofibrate micronized 267mg capsule
319992003,Fenofibrate micronized 267mg capsule (product)
319992003,Product containing fenofibrate micronized 267 mg/1 each oral capsule (clinical drug)
319992003,Fenofibrate micronized 267 mg/1 each oral capsule
319992003,Product containing fenofibrate micronized 267 mg/1 each oral capsule
319992003,Product containing only fenofibrate micronized 267 mg/1 each oral capsule
319992003,Product containing only fenofibrate micronized 267 mg/1 each oral capsule (clinical drug)
319992003,Product containing precisely fenofibrate micronized 267 milligram/1 each conventional release oral capsule
319992003,Product containing precisely fenofibrate micronized 267 milligram/1 each conventional release oral capsule (clinical drug)
319992003,Fenofibrate micronized 267 mg oral capsule
319992003,Fenofibrate micronised 267 mg oral capsule
319992003,Fenofibrate micronised 267mg capsules
319990006,Fenofibrate 67mg capsule
319990006,Fenofibrate 67mg capsule (substance)
319990006,Fenofibrate 67mg capsule (product)
319990006,Fenofibrate micronised 67mg capsule
319990006,Fenofibrate micronized 67mg capsule
319990006,Fenofibrate micronized 67mg capsule (product)
319990006,Product containing fenofibrate micronized 67 mg/1 each oral capsule (clinical drug)
319990006,Fenofibrate micronized 67 mg/1 each oral capsule
319990006,Product containing fenofibrate micronized 67 mg/1 each oral capsule
319990006,Product containing only fenofibrate micronized 67 mg/1 each oral capsule (clinical drug)
319990006,Product containing only fenofibrate micronized 67 mg/1 each oral capsule
319990006,Fenofibrate micronised 67 mg oral capsule
319990006,Product containing precisely fenofibrate micronized 67 milligram/1 each conventional release oral capsule
319990006,Product containing precisely fenofibrate micronized 67 milligram/1 each conventional release oral capsule (clinical drug)
319990006,Fenofibrate micronized 67 mg oral capsule
319990006,Fenofibrate micronised 67mg capsules
319988005,Fenofibrate 200mg capsule
319988005,Fenofibrate 200mg capsule (substance)
319988005,Fenofibrate 200mg capsule (product)
319988005,Fenofibrate micro 200mg capsule
319988005,Fenofibrate micronized 200mg capsule
319988005,Fenofibrate micronised 200mg capsule
319988005,Fenofibrate micronized 200mg capsule (product)
319988005,Product containing fenofibrate micronized 200 mg/1 each oral capsule (clinical drug)
319988005,Fenofibrate micronized 200 mg/1 each oral capsule
319988005,Product containing fenofibrate micronized 200 mg/1 each oral capsule
319988005,Product containing only fenofibrate micronized 200 mg/1 each oral capsule
319988005,Product containing only fenofibrate micronized 200 mg/1 each oral capsule (clinical drug)
319988005,Fenofibrate micronized 200 mg oral capsule
319988005,Fenofibrate micronised 200 mg oral capsule
319988005,Product containing precisely fenofibrate micronized 200 milligram/1 each conventional release oral capsule (clinical drug)
319988005,Product containing precisely fenofibrate micronized 200 milligram/1 each conventional release oral capsule
319988005,Fenofibrate micronised 200mg capsules
319966005,Gemfibrozil 300mg capsule
319966005,Gemfibrozil 300mg capsule (substance)
319966005,Gemfibrozil 300mg capsule (product)
319966005,Product containing gemfibrozil 300 mg/1 each oral capsule (clinical drug)
319966005,Gemfibrozil 300 mg/1 each oral capsule
319966005,Product containing gemfibrozil 300 mg/1 each oral capsule
319966005,Product containing only gemfibrozil 300 mg/1 each oral capsule (clinical drug)
319966005,Product containing only gemfibrozil 300 mg/1 each oral capsule
319966005,Product containing precisely gemfibrozil 300 milligram/1 each conventional release oral capsule
319966005,Product containing precisely gemfibrozil 300 milligram/1 each conventional release oral capsule (clinical drug)
319966005,Gemfibrozil 300 mg oral capsule
319966005,Gemfibrozil 300mg capsules
319964008,Gemfibrozil 600mg tablet
319964008,Gemfibrozil 600mg tablet (substance)
319964008,Gemfibrozil 600mg tablet (product)
319964008,Gemfibrosil 600mg tablet
319964008,Product containing gemfibrozil 600 mg/1 each oral tablet (clinical drug)
319964008,Product containing gemfibrozil 600 mg/1 each oral tablet
319964008,Gemfibrozil 600 mg oral tablet
319964008,Product containing only gemfibrozil 600 mg/1 each oral tablet
319964008,Product containing only gemfibrozil 600 mg/1 each oral tablet (clinical drug)
319964008,Product containing precisely gemfibrozil 600 milligram/1 each conventional release oral tablet
319964008,Product containing precisely gemfibrozil 600 milligram/1 each conventional release oral tablet (clinical drug)
319964008,Gemfibrozil 600mg tablets
319941006,Bezafibrate 400mg m/r tablet
319941006,Bezafibrate 400mg m/r tablet (substance)
319941006,Bezafibrate 400mg m/r tablet (product)
319941006,Bezafibrate 400mg modified-release tablets
319940007,Bezafibrate 200mg tablet
319940007,Bezafibrate 200mg tablet (substance)
319940007,Bezafibrate 200mg tablet (product)
319940007,Product containing bezafibrate 200 mg/1 each oral tablet (clinical drug)
319940007,Product containing bezafibrate 200 mg/1 each oral tablet
319940007,Bezafibrate 200 mg oral tablet
319940007,Product containing only bezafibrate 200 mg/1 each oral tablet (clinical drug)
319940007,Product containing only bezafibrate 200 mg/1 each oral tablet
319940007,Product containing precisely bezafibrate 200 milligram/1 each conventional release oral tablet (clinical drug)
319940007,Product containing precisely bezafibrate 200 milligram/1 each conventional release oral tablet
319940007,Bezafibrate 200mg tablets
40102411000001105,Ezetimibe 10mg tablets (Morningside Healthcare Ltd)
40102411000001105,Ezetimibe 10mg tablets (Morningside Healthcare Ltd) (product)
39836311000001102,Inegy 10mg/40mg tablets (CST Pharma Ltd)
39836311000001102,Inegy 10mg/40mg tablets (CST Pharma Ltd) (product)
38931411000001105,Bempedoic acid 180mg / Ezetimibe 10mg tablets
38931411000001105,Bempedoic acid 180mg / Ezetimibe 10mg tablets (product)
38755111000001109,Nustendi 180mg/10mg tablets (Daiichi Sankyo UK Ltd)
38755111000001109,Nustendi 180mg/10mg tablets (Daiichi Sankyo UK Ltd) (product)
37378311000001108,Ezetimibe 10mg tablets (DE Pharmaceuticals)
37378311000001108,Ezetimibe 10mg tablets (DE Pharmaceuticals) (product)
36417111000001108,Ezetimibe 10mg tablets (Aristo Pharma GmbH) (product)
36417111000001108,Ezetimibe 10mg tablets (Aristo Pharma GmbH)
36417111000001108,Ezetimibe 10mg tablets (Aristo Pharma Ltd)
35858111000001107,Ezetimibe 10mg tablets (Accord Healthcare Ltd) (product)
35858111000001107,Ezetimibe 10mg tablets (Accord Healthcare Ltd)
35775211000001107,Ezetimibe 10mg tablets (Zentiva Pharma UK Ltd)
35775211000001107,Ezetimibe 10mg tablets (Zentiva Pharma UK Ltd) (product)
35775211000001107,Ezetimibe 10mg tablets (Zentiva) (product)
35775211000001107,Ezetimibe 10mg tablets (Zentiva)
35431211000001100,Ezetimibe 10mg tablets (Viatris UK Healthcare Ltd)
35431211000001100,Ezetimibe 10mg tablets (Viatris UK Healthcare Ltd) (product)
35431211000001100,Ezetimibe 10mg tablets (Mylan) (product)
35431211000001100,Ezetimibe 10mg tablets (Mylan)
35427111000001102,Ezetimibe 10mg tablets (A A H Pharmaceuticals Ltd) (product)
35427111000001102,Ezetimibe 10mg tablets (A A H Pharmaceuticals Ltd)
35372011000001108,Ezetimibe 10mg tablets (Sandoz Ltd) (product)
35372011000001108,Ezetimibe 10mg tablets (Sandoz Ltd)
35366411000001109,Ezetimibe 10mg tablets (AMCo) (product)
35366411000001109,Ezetimibe 10mg tablets (AMCo)
35366411000001109,Ezetimibe 10mg tablets (Advanz Pharma)
35354011000001100,Ezetimibe 10mg tablets (Alliance Healthcare (Distribution) Ltd) (product)
35354011000001100,Ezetimibe 10mg tablets (Alliance Healthcare (Distribution) Ltd)
